{"cameraMode":{"drawMode":0,"name":"Shaded","section":"Shading Mode"},"sceneLighting":false,"audioPlay":false,"sceneViewState":{"showFog":true,"showMaterialUpdate":false,"showSkybox":true,"showFlares":true,"showImageEffects":true,"showParticleSystems":true},"in2DMode":false,"pivot":{"x":-14.937918663024903,"y":0.12788107991218568,"z":2.0714337825775148},"rotation":{"x":-0.03180670738220215,"y":-0.0039019121322780849,"z":0.00011775029997806996,"w":-0.9995500445365906},"size":3.5171217918395998,"orthographic":false}