{"cameraMode":{"drawMode":0,"name":"Shaded","section":"Shading Mode"},"sceneLighting":false,"audioPlay":false,"sceneViewState":{"showFog":true,"showMaterialUpdate":false,"showSkybox":true,"showFlares":true,"showImageEffects":true,"showParticleSystems":true},"in2DMode":false,"pivot":{"x":1.4299999475479127,"y":0.9800000190734863,"z":0.0},"rotation":{"x":-0.2110619843006134,"y":-0.07557296007871628,"z":0.01636943593621254,"w":-0.9744095802307129},"size":3.1132140159606935,"orthographic":false}