{"cameraMode":{"drawMode":0,"name":"Shaded","section":"Shading Mode"},"sceneLighting":false,"audioPlay":false,"sceneViewState":{"showFog":true,"showMaterialUpdate":false,"showSkybox":true,"showFlares":true,"showImageEffects":true,"showParticleSystems":true},"in2DMode":false,"pivot":{"x":1.4600000381469727,"y":1.0500000715255738,"z":1.0},"rotation":{"x":0.025076376274228097,"y":-0.21939128637313844,"z":-0.005574387032538652,"w":-0.9754043221473694},"size":2.8001434803009035,"orthographic":false}