{"cameraMode":{"drawMode":0,"name":"Shaded","section":"Shading Mode"},"sceneLighting":false,"audioPlay":false,"sceneViewState":{"showFog":true,"showMaterialUpdate":false,"showSkybox":true,"showFlares":true,"showImageEffects":true,"showParticleSystems":true},"in2DMode":false,"pivot":{"x":4.079667091369629,"y":1.2322072982788087,"z":2.5},"rotation":{"x":0.025076376274228097,"y":-0.21939128637313844,"z":-0.005574387032538652,"w":-0.9754043221473694},"size":2.8001437187194826,"orthographic":false}