{"cameraMode":{"drawMode":0,"name":"Shaded","section":"Shading Mode"},"sceneLighting":false,"audioPlay":false,"sceneViewState":{"showFog":true,"showMaterialUpdate":false,"showSkybox":true,"showFlares":true,"showImageEffects":true,"showParticleSystems":true},"in2DMode":false,"pivot":{"x":602.5325317382813,"y":343.0200500488281,"z":20.69720458984375},"rotation":{"x":-0.17786377668380738,"y":-0.0038401565980166198,"z":0.0007004087092354894,"w":-0.9840826988220215},"size":22.0,"orthographic":false}