{"cameraMode":{"drawMode":0,"name":"Shaded","section":"Shading Mode"},"sceneLighting":false,"audioPlay":false,"sceneViewState":{"showFog":true,"showMaterialUpdate":false,"showSkybox":true,"showFlares":true,"showImageEffects":true,"showParticleSystems":true},"in2DMode":false,"pivot":{"x":-10.112361907958985,"y":0.460516095161438,"z":-2.462616443634033},"rotation":{"x":-0.03180670738220215,"y":-0.0039019121322780849,"z":0.00011775029997806996,"w":-0.9995500445365906},"size":3.1660730838775636,"orthographic":false}