{"cameraMode":{"drawMode":0,"name":"Shaded","section":"Shading Mode"},"sceneLighting":false,"audioPlay":false,"sceneViewState":{"showFog":true,"showMaterialUpdate":false,"showSkybox":true,"showFlares":true,"showImageEffects":true,"showParticleSystems":true},"in2DMode":false,"pivot":{"x":-5.503337383270264,"y":0.698560357093811,"z":0.32198452949523928},"rotation":{"x":-0.003016663948073983,"y":0.9417990446090698,"z":-0.008279983885586262,"w":-0.33636945486068728},"size":3.189847707748413,"orthographic":false}