{"cameraMode":{"drawMode":0,"name":"Shaded","section":"Shading Mode"},"sceneLighting":false,"audioPlay":false,"sceneViewState":{"showFog":true,"showMaterialUpdate":false,"showSkybox":true,"showFlares":true,"showImageEffects":true,"showParticleSystems":true},"in2DMode":false,"pivot":{"x":1.0,"y":1.0251173973083497,"z":0.7599999904632568},"rotation":{"x":-0.18669018149375916,"y":-0.0170967448502779,"z":0.0032556122168898584,"w":-0.9823201894760132},"size":2.920675039291382,"orthographic":false}