{"cameraMode":{"drawMode":0,"name":"Shaded","section":"Shading Mode"},"sceneLighting":false,"audioPlay":false,"sceneViewState":{"showFog":true,"showMaterialUpdate":false,"showSkybox":true,"showFlares":true,"showImageEffects":true,"showParticleSystems":true},"in2DMode":false,"pivot":{"x":-0.47412729263305666,"y":0.8167742490768433,"z":0.02343914657831192},"rotation":{"x":-0.05276872217655182,"y":0.6923760771751404,"z":-0.050808656960725787,"w":-0.717953085899353},"size":2.5219430923461916,"orthographic":false}